[{
    "browserName": "firefox",
    "platform": "Linux"
},{
    "browserName": "firefox",
    "platform": "OS X 10.9"
},{
    "browserName": "firefox",
    "platform": "Windows 7"
},{
    "browserName": "chrome",
    "platform": "Linux"
},{
    "browserName": "chrome",
    "platform": "Mac 10.9"
},{
    "browserName": "chrome",
    "platform": "Windows 7"
},{
    "browserName": "safari",
    "platform": "OS X 10.9"
},{
    "browserName": "internet explorer",
    "platform": "Windows 7",
    "version": "9"
},{
    "browserName": "internet explorer",
    "platform": "Windows 7",
    "version": "10"
},{
    "browserName": "internet explorer",
    "platform": "Windows 8.1",
    "version": "11"
}]
