{
	"description": "Web Experience Toolkit (WET) includes reusable components for building and maintaining innovative Web sites that are accessible, usable, and interoperable. These reusable components are open source software and free for use by departments and external Web communities",
	"title": "Web Experience Toolkit (WET)",
	"tagline": "Collaborative open source project led by the Government of Canada",
	"tmpl-v31-ref-head-fr": "Vous cherchez la BOEW v3.1?",
	"tmpl-v31-ref-1-fr": "À partir du 23 septembre 2014, la version 3.1 de la Boîte à outils de l'expérience Web n'est plus supportée. Le code source et la documentation ont été déplacés vers le dépôt ",
	"tmpl-v31-ref-3-fr": ".",
	"tmpl-v31-ref-head-en": "Looking for WET v3.1?",
	"tmpl-v31-ref-1-en": "As of September 23, 2014, version 3.1 of the Web Experience Toolkit is no longer supported. The source code and documentation have been moved to the ",
	"tmpl-v31-ref-3-en": " repository.",
	"legacyreponame": "wet-boew-legacy",
	"legacyrepolink": "https://github.com/wet-boew/wet-boew-legacy",
	"langs": [
		{
			"lang-code": "en",
			"lang-en": "English",
			"lang-fr": "Anglais"
		},
		{
			"lang-code": "fr",
			"lang-en": "French",
			"lang-fr": "Français"
		},
		{
			"lang-code": "af",
			"lang-en": "Afrikaans",
			"lang-fr": "Afrikaans"
		},
		{
			"lang-code": "sq",
			"lang-en": "Albanian",
			"lang-fr": "Albanais"
		},
		{
			"lang-code": "ar",
			"lang-en": "Arabic",
			"lang-fr": "Arabe"
		},
		{
			"lang-code": "hy",
			"lang-en": "Armenian",
			"lang-fr": "Arménien"
		},
		{
			"lang-code": "bg",
			"lang-en": "Bulgarian",
			"lang-fr": "Bulgare"
		},
		{
			"lang-code": "zh",
			"lang-en": "Chinese",
			"lang-fr": "Chinois"
		},
		{
			"lang-code": "zh-Hans",
			"lang-en": "Chinese (Simplified)",
			"lang-fr": "Chinois (simplifié)"
		},
		{
			"lang-code": "cs",
			"lang-en": "Czech",
			"lang-fr": "Tchèque"
		},
		{
			"lang-code": "nl",
			"lang-en": "Dutch",
			"lang-fr": "Néerlandais"
		},
		{
			"lang-code": "et",
			"lang-en": "Estonian",
			"lang-fr": "Estonien"
		},
		{
			"lang-code": "de",
			"lang-en": "German",
			"lang-fr": "Allemand"
		},
		{
			"lang-code": "el",
			"lang-en": "Greek",
			"lang-fr": "Grec"
		},
		{
			"lang-code": "hi",
			"lang-en": "Hindi",
			"lang-fr": "Hindi"
		},
		{
			"lang-code": "hu",
			"lang-en": "Hungarian",
			"lang-fr": "Hongrois"
		},
		{
			"lang-code": "is",
			"lang-en": "Icelandic",
			"lang-fr": "Islandais"
		},
		{
			"lang-code": "id",
			"lang-en": "Indonesian",
			"lang-fr": "Indonésien"
		},
		{
			"lang-code": "it",
			"lang-en": "Italian",
			"lang-fr": "Italien"
		},
		{
			"lang-code": "ja",
			"lang-en": "Japanese",
			"lang-fr": "Japonais"
		},
		{
			"lang-code": "ko",
			"lang-en": "Korean",
			"lang-fr": "Coréen"
		},
		{
			"lang-code": "lv",
			"lang-en": "Latvian",
			"lang-fr": "Letton"
		},
		{
			"lang-code": "lt",
			"lang-en": "Lithuanian",
			"lang-fr": "Lituanien"
		},
		{
			"lang-code": "pl",
			"lang-en": "Polish",
			"lang-fr": "Polonais"
		},
		{
			"lang-code": "pt",
			"lang-en": "Portuguese",
			"lang-fr": "Portugais"
		},
		{
			"lang-code": "pt-BR",
			"lang-en": "Portuguese (Brazilian)",
			"lang-fr": "Portugais (brésilien)"
		},
		{
			"lang-code": "ru",
			"lang-en": "Russian",
			"lang-fr": "Russe"
		},
		{
			"lang-code": "sk",
			"lang-en": "Slovak",
			"lang-fr": "Slovaque"
		},
		{
			"lang-code": "th",
			"lang-en": "Thai",
			"lang-fr": "Thaï"
		},
		{
			"lang-code": "tr",
			"lang-en": "Turkish",
			"lang-fr": "Turc"
		},
		{
			"lang-code": "uk",
			"lang-en": "Ukrainian",
			"lang-fr": "Ukrainien"
		},
		{
			"lang-code": "vi",
			"lang-en": "Vietnamese",
			"lang-fr": "Vietnamien"
		}
	]
}
